Date,mkt,smb,hml,rmw,cma
2023-02-24,,,,,
2023-02-27,0.0026559380427359797,,,,
2023-02-28,-0.002670312769571972,,,,
2023-03-01,-0.0033808869252878204,,,,
2023-03-02,0.008239457859420962,,,,
2023-03-03,0.013621390908037344,,,,
2023-03-06,0.0008731679166867277,,,,
2023-03-07,-0.015678451931522317,,,,
2023-03-08,0.0009736580346820404,,,,
2023-03-09,-0.016336598520915596,,,,
2023-03-10,-0.013001340475625466,,,,
2023-03-13,-0.003135215598491194,,,,
2023-03-14,0.01569546509318718,,,,
2023-03-15,-0.009879691740035402,,,,
2023-03-16,0.01630604028986151,,,,
2023-03-17,-0.01247100260498245,,,,
2023-03-20,0.010783314327562122,,,,
2023-03-21,0.01089050660106787,,,,
2023-03-22,-0.016447583070181664,,,,
2023-03-23,0.0033613641201255926,-0.010887233658406633,,,
2023-03-24,0.006242971332952156,0.012166205687858679,,,
2023-03-27,0.005283912501884092,-0.0009386019997739987,,,
2023-03-28,-0.0007678350730763195,0.007409651795456196,,,
2023-03-29,0.011489182790061926,-0.0025738631821641267,,,
2023-03-30,0.00505320401693767,-0.0008254288210174706,,,
2023-03-31,0.013331125525501359,-0.0026223722027744183,,,
2023-04-03,0.0048879772119523,-0.0021641199186041202,,,
2023-04-04,-0.0067808149907885645,-0.0024100380949512315,,,
2023-04-05,5.226060432130513e-05,0.004267250296668546,,,
2023-04-06,0.00067881315657654,-0.0030286836214911015,,,
2023-04-10,0.0019899960198726733,6.133203120167372e-05,,,
2023-04-11,0.0021991423547124,0.0054079835984173616,,,
2023-04-12,-0.0030801000923272237,0.0072772344769879895,,,
2023-04-13,0.009442964399589584,-0.01272022603544574,,,
2023-04-14,-0.0007604169737256893,-0.0050319359518443164,,,
2023-04-17,0.003785352095081666,0.0059052445333650574,,,
2023-04-18,0.0010903233737931152,0.0008308364507757739,,,
2023-04-19,0.0010787354415072532,0.005979958163062582,,,
2023-04-20,-0.0034468005725935445,0.0061325731384430536,,,
2023-04-21,0.0009253668425680165,-0.002586489643461565,,,
2023-04-24,0.0013241176143868826,0.0006543813260128798,,,
2023-04-25,-0.013776308009320662,0.012649820720737595,,,
2023-04-26,-0.010290311324924544,-0.0071885892008893325,,,
2023-04-27,0.015272087600386607,-0.005421813294975816,,,
2023-04-28,0.009941617346499204,-0.0014441133272029422,,,
2023-05-01,0.0015593501079167744,0.0026736437806061425,,,
2023-05-02,-0.012884880228804282,-0.0023655872490807844,,,
2023-05-03,-0.008284920875830756,0.00157141782299783,,,
2023-05-04,-0.007297980408152649,0.004179933012864156,,,
2023-05-05,0.017579892292892974,-0.00400188006489929,,,
2023-05-08,0.0008602570713648701,-0.00605162961773719,,,
2023-05-09,-0.0034633905346644063,0.0005210767927131231,,,
2023-05-10,0.0019090537862170094,-0.0022175723377693877,,,
2023-05-11,-0.0033025099369718438,-0.000925088492054449,,,
2023-05-12,-0.0009871944989232832,0.0051912855300986025,,,
2023-05-15,0.003994959697819522,-0.005529249739181659,,,
2023-05-16,-0.009455088703542083,-0.011487202064809295,,,
2023-05-17,0.013212265367116557,-0.01075661430980342,,,
2023-05-18,0.006346840001892563,-0.011189698064102523,,,
2023-05-19,-0.0005034405489391449,0.005291951668620639,,,
2023-05-22,-0.0013119411404421558,-0.0020536349730908973,,-0.012742557531134093,
2023-05-23,-0.010974846468446946,-0.008528821453037298,,-0.003360372222150498,
2023-05-24,-0.009562106015083999,-0.00397634899966779,,0.003592923879202377,
2023-05-25,0.004676453818251357,-0.01973110322903517,,-0.023154527540587472,
2023-05-26,0.011408957572900554,-0.020944810808547383,,-0.020497524100077297,-0.01089580247352744
2023-05-30,-0.002218517111580098,-0.005452607880113828,,-0.006847369425299717,0.0016347987215804736
2023-05-31,-0.0045368802942763,0.000761692149400443,,0.011270789181014196,-0.0008174032996826246
2023-06-01,0.008228993313470035,-0.0021485417983589713,,-0.008609850864668981,-0.00475523843693908
2023-06-02,0.017854814254598034,0.00968588724729401,,-0.0075515182766218766,-0.0018077251892018031
2023-06-05,-0.0032127659724890604,-0.003721016974853542,,0.003377999599760428,0.005609742894936062
2023-06-06,0.002162942552390462,-0.004962972165096632,,-0.01694508400940521,-0.005184175208747499
2023-06-07,0.0006916073118132555,0.017897235713736113,,-0.0014279881197876007,0.004170801938427981
2023-06-08,0.00596720531541555,-0.004626906699998674,,-0.0015011627058129041,-0.0005438683558731412
2023-06-09,0.0016208938812450403,-0.0079470258433028,,-0.0023203013171945357,0.0043567993533847734
2023-06-12,0.006528237818953509,-0.014799375549304428,,-0.011993328036384894,-0.002046624727494203
2023-06-13,0.007204115942729812,0.003118413283160041,,-0.009117344344711209,-0.001494689025992704
2023-06-14,-0.00034185584451613027,-0.005706100762268991,,0.005101544970426145,-0.0012700389268264333
2023-06-15,0.012829784041587671,0.0037735057495638137,,2.799443745618059e-05,0.003886891871826628
2023-06-16,-0.002399046979061734,0.010456460915757727,,0.00858148595201644,-0.0002667214193656526
2023-06-20,-0.006440492265038562,-0.0058402407893092066,,-0.002854804482428434,-0.005319913437391292
2023-06-21,-0.002853295478135753,0.013511587710879583,,0.01209162369267073,0.0011397122350892482
2023-06-22,1.78255949159393e-05,-0.0060649174866652,,0.0038762500540766498,-0.006375932532461056
2023-06-23,-0.006830187578821719,0.0023471600627195327,,0.004739278569040587,0.002767969110166457
2023-06-26,-0.0003759964187683803,0.010559824760877416,,0.0005696640984877988,-0.004880582215856651
2023-06-27,0.006653618583983446,-0.010181852754133355,,-0.008408010182441687,-0.008910557591119828
2023-06-28,-0.001620588611686809,-0.0011989171476487887,,-0.0019223994988028846,0.006923681034633148
2023-06-29,0.007282961587932959,0.0032866493860742516,,0.0017337336122648164,0.0023433097323700552
2023-06-30,0.009796454363910226,-0.002733520835637623,,-0.0021755950429166084,0.003739124478420123
2023-07-03,0.0012751929369051926,-0.0025609707064597163,,-0.0031454484145939507,0.004477138203134778
2023-07-05,-0.0023435591228433542,-0.003184533887482122,,0.0029632387959597738,0.00019337144838874987
2023-07-06,-0.010824061603265961,0.0037314779162696734,,0.005843981899083721,-0.004110970719879177
2023-07-07,-0.003966743216673603,0.002746920402833279,,-0.009750271206843578,0.001051641024958797
2023-07-10,0.0067577889041686556,0.0010501580524981103,,-0.00449497268705578,-0.00014550470546832554
2023-07-11,0.007437792317318083,0.005722089238017674,,-0.005658410715936623,-0.0037600570327441605
2023-07-12,0.006119223109822213,-0.0060570531794817565,,-0.007674103157064375,0.0020383889843270924
2023-07-13,0.005317954280728906,-0.005710302776597723,,-0.004952782749117301,-0.007116003800830665
2023-07-14,-3.478847720984069e-05,-0.0003214986525450563,,0.0012173906993369066,0.0030270439431518744
2023-07-17,0.0026879663761769455,-0.002980765656460286,,-0.00827139696355133,-0.0027830087346500687
2023-07-18,0.00640802137976677,-0.005137923346880854,,-0.012555008410653037,0.004427037800144121
2023-07-19,0.0036283632376981315,-0.001537613685991627,,-0.0008562544384733512,0.0014291494018493205
2023-07-20,0.0018341834963509212,0.023693779813264194,,0.028057303656697632,0.0181122615447095
2023-07-21,0.0035084406851199376,0.0016388443325849877,,0.0023963426649820214,-0.007503386245791744
2023-07-24,0.0028114829206153436,-0.004543919938918791,,0.0007687633142834127,0.009856719531264206
2023-07-25,0.001478049735264181,0.00047974047228385155,,-0.0007952041709196315,0.002224127067691724
2023-07-26,0.000678943494255233,0.009008474974653527,,-0.0004713507387982115,0.0002543732456044038
2023-07-27,-0.0062433986328271325,-0.0037455599502286205,,-0.010156342901756977,0.0030503442753053015
2023-07-28,0.005826011927960847,-0.012103056976513694,,-0.01126186095390659,-0.000664178189205944
2023-07-31,0.0022901159915461804,-0.0031425669254295536,,-0.009794759224414055,-0.004884737708665584
2023-08-01,-0.0017070966033453042,-0.0031558470412577275,,-0.005698736071888299,0.0049078595542604115
2023-08-02,-0.009088650413028497,0.013702572337000288,,0.01593878708671187,-0.005161511297253404
2023-08-03,-0.0042849108588799345,-0.008821455973859856,,0.000522613199228398,0.013414865536447326
2023-08-04,-0.003517906553659657,-0.00362496098012293,,-0.008223975859856987,-0.004303208142494245
2023-08-07,0.009399484652793302,-0.0006336898859747274,,-0.002702617274426962,-0.00043388850077918234
2023-08-08,-0.00363256224149854,-0.0014206092209808324,,-0.0030977175063214585,-0.002768460560714673
2023-08-09,-0.00435837646103456,0.010257452006147439,,0.009556541281140125,-0.006800601477324563
2023-08-10,0.0010014271885116376,-0.0035350750619125735,,0.0004465732594290173,0.0005541439177610038
2023-08-11,0.0005084276209398172,0.005951920767518615,,0.005281859161418083,0.00014183236450928305
2023-08-14,0.002967990978290411,-0.010908078237540341,,-0.011104492399562267,-0.002782083580100618
2023-08-15,-0.01079332385012027,0.002130773058127816,,0.0016006174482806543,-0.006094498420758704
2023-08-16,-0.005169593953145988,0.012465756095698043,,0.007493107405143154,-0.008055374343201827
2023-08-17,-0.005883038821595077,0.0002700165568468235,,0.0052596671563643555,-0.0038813749281938594
2023-08-18,0.0007236219139170562,0.0017435177661443571,,0.0023068898106522423,0.002592474434060732
2023-08-21,0.00251818793938726,-0.012787210971480376,,-0.015717232045124718,-0.00290064232132119
2023-08-22,-0.0037825265765585123,0.002661477738691554,,0.00506021857797386,-2.2915424623719087e-05
2023-08-23,0.008975920475985376,-0.00433031396756531,,-0.00614270166569469,0.004233308028665983
2023-08-24,-0.010543153337930166,0.013428396490194639,,0.012670978708161864,0.002054367487128195
2023-08-25,0.007958928134495244,-0.0017135825439471538,,-0.00029275778998384336,0.000930028146566615
2023-08-28,0.00662950396854457,0.0006650264946162681,,-0.005385548587158215,0.0008703925647401741
2023-08-29,0.01142642870562654,-0.010086012374513245,,-0.014241735115419174,0.0002564344548696279
2023-08-30,0.002573877246965063,-0.0005662720281803704,,-0.0019264580297924847,0.0021493194259511873
2023-08-31,-0.0028494135594281595,-0.00811094748882975,,-0.004128762941685793,0.0037790383710932206
2023-09-01,0.002939846834076692,0.0036632194739837846,,-0.0010301486932743206,-0.00043943035407430307
2023-09-05,-0.005950376493144803,-0.012187966557844935,,-0.011213961657682736,-0.0052100949692320195
2023-09-06,-0.0040837769366462474,0.003433668731212444,,0.004456461271475701,0.00018176939680009802
2023-09-07,-0.00013460618606393266,0.009116754000210933,,0.010515874318962573,-0.006023307810142797
2023-09-08,0.0009174896857905506,-0.0020701292796474037,,0.0007637299613961979,-0.003785678901934686
2023-09-11,0.005327983095245518,-0.0020478305811816137,,-4.5361669839543046e-05,0.004724612190513755
2023-09-12,-0.002636348718013342,0.010459052757059785,,0.00972875002959471,0.0012100924032874883
2023-09-13,0.00046426720698304526,-0.00521817481077973,,0.005649269527130607,-0.0028549023173022655
2023-09-14,0.00923994825166132,0.0068618669336920094,,-0.0001540964349560749,0.00314811404529417
2023-09-15,-0.010611077138195549,0.006518407238575235,,0.008735583801474696,-0.004526473888066296
2023-09-18,0.00042741127069903913,0.0017453486118547542,,0.002271006790942439,0.001851555519881694
2023-09-19,-0.0027182725463821096,0.0016379802246415148,,0.00025718235223440127,0.0023891652042081508
2023-09-20,-0.0049572093952574454,0.0062142435705576345,,0.00812463905248239,-0.002290247929670604
2023-09-21,-0.015701474543277555,0.001711037910388423,,0.006235181382910741,-0.002291096764823605
2023-09-22,-0.0030687264016651243,-0.0016152369490045394,,-0.00014421514279296934,-0.0036464350113710594
2023-09-25,0.002860905979875174,-0.0041093300897818005,,-0.008195330349571017,-0.0020018460820784177
2023-09-26,-0.013190354607039899,0.0010513807728539677,,0.0024018085074017214,0.0056941264382378235
2023-09-27,-0.0011434926359221312,-0.004904646474487377,,-0.0018158247141766353,0.004123342045130636
2023-09-28,0.0054712569383650695,-0.00341115483571535,,-0.0031952237851208673,0.0015197751646795262
2023-09-29,-0.004682674444621481,-0.0027875894000433297,,-0.004360663047496668,-0.004310497437806296
2023-10-02,-0.005431420105334369,-0.016286116394270005,,-0.003003825106968679,-0.002429356395343577
2023-10-03,-0.011699472548844198,0.007158095062131482,,0.008370070629492722,-0.010352206105577307
2023-10-04,0.005818114898785735,-0.0007048297390809992,,0.0015619055065134576,0.006879770954090909
2023-10-05,-0.0021754578204982596,0.0015242717185554515,,-0.0006890844798764116,-0.001013313351107607
2023-10-06,0.009688900261782575,-0.005125386271363483,,-0.01201427493438807,-0.0033755231992525746
2023-10-09,0.006644932136874664,0.004742066059309525,,-0.012856464090169639,-0.005012933720831592
2023-10-10,0.0064630512368737195,-0.00017861258934290854,,-0.0013437557102423444,-0.001390517273832285
2023-10-11,0.0008093052771592133,0.0009846263006394354,,-0.003958134671906007,0.003922930890939173
2023-10-12,-0.006525007785507866,-0.005560281928692634,,0.0009532337231351979,0.007764373000897751
2023-10-13,0.0001748896653314895,0.008296782350823389,,0.002486942388895937,0.001724431835055895
2023-10-16,0.010556778978048562,0.002631073763184515,,-0.0040275315035011175,0.0028782512669760073
2023-10-17,0.0019717931078856907,0.0033067267849608787,,-0.0010717333585690343,0.0006423722686000112
2023-10-18,-0.012301739439601866,-0.004667374813747249,,0.006616347996606305,-0.011808948869231312
2023-10-19,-0.006920362391557629,-0.007257562377711712,,0.0004648582270456794,0.004379192608905539
2023-10-20,-0.010468787074681641,0.0044184591493958095,,0.014355825251444874,-0.004996898718631178
2023-10-23,-0.005116163972266759,-0.005068939994247904,,-0.006468055534177257,-0.0023281221799386783
2023-10-24,0.007951671449552986,-0.0008612488696808432,,-0.006167653948413465,0.004693563208405666
2023-10-25,-0.010818882831717634,0.009362044403398143,,0.022888539365959807,-0.006685167714436009
2023-10-26,-0.006879857597328847,0.010267732618939374,,0.0036311919740106974,-0.00022475855125980368
2023-10-27,-0.010608498571207861,-0.010121062280275265,,-0.008218950048829377,-0.0010420446556583442
2023-10-30,0.011802316922500668,-0.0006887982242364567,,0.002936031367704827,5.2968130835932825e-05
2023-10-31,0.008305158391507535,0.0015330318111374487,,-0.0017692372491339122,-0.00010559468045994239
2023-11-01,0.006686898320150887,-0.008729555400241323,,-0.010245879599527219,0.004854307225013214
2023-11-02,0.0217284891270282,0.005079268386010319,,-0.013282324876240549,0.0017785782978423856
2023-11-03,0.007554349792023403,-0.0009113511777434314,,-0.005916355763357968,-0.003045061297907322
2023-11-06,0.0008612763501951193,-0.00546343278839242,,0.0014431426799223013,0.0031645564049413103
2023-11-07,-0.0021284905912172507,-0.014272727526696557,,0.0025062073084255935,0.010512351139863776
2023-11-08,0.0003836420247841343,-0.0006729030865331239,,-0.0053699700494137265,0.0027296672352498997
2023-11-09,-0.007848463920940116,0.0032569038958712546,,0.0019837032719112746,0.008931832924060166
2023-11-10,0.013025342996671989,-0.009053789090911474,,-0.00990209228776764,0.008804081147714962
2023-11-13,0.0006216659012527575,-0.002178066208544882,,-0.003677243213161807,-9.391835025622058e-05
2023-11-14,0.018046378247497934,-0.0014254903134918173,,-0.01807540512234484,0.007663545191220495
2023-11-15,0.004001405867487852,-0.00041898458660084197,,-0.008934161240850095,0.008235364585399179
2023-11-16,0.0006609305473799084,0.009940567037435514,,0.004087500824179209,-0.0014995332075753728
2023-11-17,0.002224561268092656,-9.060831963864091e-05,,-0.0020840733089879733,-0.0038063837594713066
2023-11-20,0.004495422564268333,-0.003955940855993319,,-0.003625139391402436,0.0010595285004143485
2023-11-21,-0.00034208660335491813,0.0059237104016751415,,0.007350871179844772,0.00442659554219148
2023-11-22,0.003911775634464254,0.00013181617390164817,,0.0028135433202752655,-0.00044531226855541294
2023-11-24,0.0023573331906527315,0.0009249580195757022,,0.001110516869453552,-0.002793732532926252
2023-11-27,-0.003325225612362838,-0.00039626093411059644,,0.001472350084454651,0.002615808665442413
2023-11-28,-0.0006789905942925511,-0.0015913927338239448,,0.0005926601164734054,0.0001406455346314008
2023-11-29,0.00032679171950607575,0.004016575849149177,,-0.001986947967404451,0.006367796399794693
2023-11-30,0.007429976047538067,0.007478194297755699,,0.008544246598800535,-0.0038531446829674536
2023-12-01,0.007661077206977011,0.006200653344068034,,-0.004073596108991469,0.0016494744580592977
2023-12-04,-0.002763946775370224,0.008568217382374468,,0.011159236256319607,-0.003414557244773823
2023-12-05,-0.004374906772234604,-0.007686571842866382,,0.0010284681852904582,-0.0003183911851511569
2023-12-06,-0.0024300742849096275,0.004565382344098479,,0.0035638219725116793,0.002013219542900898
2023-12-07,0.0048543449149452975,-0.011020000128287558,,-0.011001921148443434,0.005607812897880737
2023-12-08,0.0027495474547798845,-0.0018675515667713086,,-0.006968770605323068,-0.0004415437835569042
2023-12-11,0.009825202822766077,0.0011811875209979906,,-0.003191981191079255,-0.012298995631924554
2023-12-12,0.0037195169853203127,0.002952385183967691,,0.005473250781055402,-0.006375150260978279
2023-12-13,0.01618831462679997,0.001860495203847316,,-0.009718820963793739,0.005084839912051288
2023-12-14,0.004239670899442374,9.649628745337738e-05,,-0.018841094602813677,0.0018973104311362675
2023-12-15,-0.0024334081515679055,-0.012998177859789174,,-0.0036015921667057324,-0.0003008194011207739
2023-12-18,0.0032510782664002535,-0.005394099399501968,,5.819234447620482e-05,0.002166295742565538
2023-12-19,0.006160222017992674,-0.0026204069824375654,,-0.006461043768207464,0.0010010706675641634
2023-12-20,-0.01742284044271218,-0.003182396266337725,,0.008354294073730487,0.004587980799529347
2023-12-21,0.009935938780440362,-0.000840620750687705,,-0.0033966061483489806,0.003373361240535515
2023-12-22,0.003887773863262583,0.004517367416366447,,0.0031872550399447584,-0.0024686405299686872
2023-12-26,0.004925402563590779,0.0006043141197039819,,-0.004425656511069801,0.0009367954445200699
2023-12-27,0.0026869697617545227,-0.0004959649687180804,,0.0006508447877681938,0.000367570570168015
2023-12-28,0.0010800005642625078,0.0032191558377396806,,0.003203023496141651,-0.00038309157410760814
2023-12-29,-0.0014138530409010218,0.004595972992819108,,0.00511898063210221,0.0006486101646964763
2024-01-02,7.816794493303972e-06,0.007868391219252414,,0.011891085142966515,0.0013626778347228586
2024-01-03,-0.007753989252277489,-0.004077552444084998,,0.009244915887765074,-0.004960167203873788
2024-01-04,-5.064655132490069e-05,0.003269801330745137,,-0.00030225280786238715,0.0027596774033669742
2024-01-05,0.0004633588708322486,-0.005049823891838204,,-0.007247023452284448,0.0026266807789349644
2024-01-08,0.00990589014868841,-0.007308496522310911,,-0.010748554379306274,0.00013767507804370027
2024-01-09,-0.0023887803931606135,-0.0018499801808301054,,-0.00014670314618102278,0.0019923723994456338
2024-01-10,0.0033124394062607294,-0.0044808418746186355,,-0.0031412379997245964,-0.002708882396348285
2024-01-11,-0.0008402947384597683,-0.0036895552534291333,,-0.001155020500454418,-0.00480728985987943
2024-01-12,0.001755523818665348,0.0032492468198072498,,0.008399950004415192,0.0032367576184513767
2024-01-16,-0.003682549551562418,-0.0038722992581181463,,-0.001971871872058706,6.195318552367022e-05
2024-01-17,-0.00514293992385642,-0.0010270634528818717,,0.007421178858318608,0.0019472431542808012
2024-01-18,0.005106504962590885,-0.005905917272960418,,-0.001756627955381488,0.0033352776825038045
2024-01-19,0.010217664975629294,-0.007659121566866794,,-0.012911015673259,0.0019208707791517465
2024-01-22,0.0016162355041560432,3.646095126862798e-05,,0.003476812841135679,-0.004634691517003261
2024-01-23,0.0014049590142514723,-0.003889267954306904,,0.008323173709497611,0.0036494460081261224
2024-01-24,-0.0009512116953865006,-0.013608034518285787,,-0.012139483713484354,-0.0009339974481300676
2024-01-25,0.004892370539700067,0.009769649092187508,,0.0069165453226291045,0.0019991227521659344
2024-01-26,0.0006772174831240406,0.002081241300791566,,0.002453372458557386,-0.00041057429602692577
2024-01-29,0.0061995631169283255,-0.006873493070554345,,-0.00312338244065949,0.003507165905125808
2024-01-30,0.003416930259879709,0.0011281820689787447,,0.006564237420773075,0.0007424880507663767
2024-01-31,-0.010910150465606797,0.0074790470096349135,,0.009057439479890739,0.001003675031801151
2024-02-01,0.012466910860542408,0.009931249210732,,0.0024683639379789683,0.0029303154442421268
2024-02-02,0.0037567936429500604,-0.019247645675710322,,-0.01544846861894738,-0.00663642580257983
2024-02-05,-0.006967338188993489,-0.009468716302573295,,0.0038343404674110017,0.005172025415763196
2024-02-06,0.0033328281514294197,0.006205401914665646,,0.0019771774267651233,-0.0016656951211800291
2024-02-07,0.005195817022507735,-0.0035966097328208445,,-0.005821329107366335,0.0005834284899932092
2024-02-08,0.001649217550945491,-0.006034135412549964,,-0.011727751924537096,-0.0049441865179685705
2024-02-09,0.002550434218306318,-0.005638222537713478,,-0.008454315710860442,0.0036905248115524612
2024-02-12,0.001422125902105399,0.006537709024074375,,0.0015867699958405533,0.0007303272286044438
2024-02-13,-0.013876819088748044,-0.002888715470476361,,0.009123177654926592,0.009317570114453081
2024-02-14,0.008391539331468254,-0.005545865227298356,,-0.006860224699824198,0.002907611988870717
2024-02-15,0.009297160765268844,0.0013837074605603569,,-0.004827374267300125,0.0010868101478451915
2024-02-16,-0.0028518248713737945,0.003141344364092184,,0.004899454363436129,0.004725871479963754
2024-02-20,-0.0030889958134116637,0.01296763772624165,,0.014041855080489388,-0.00017013737248576435
2024-02-21,0.003809397029185484,0.00550906272345233,,0.005363979989618128,-0.0007056474606816909
2024-02-22,0.014461228824385887,-0.01600182389526607,,-0.01544414007347745,-0.00796792956954722
2024-02-23,0.0020884813877292165,0.003080074197787763,,0.004130361162054367,0.0004210366910712823
2024-02-26,-0.002704199391136118,-0.007471072430542476,,-0.0038929113546387543,-0.001044585102377027
2024-02-27,0.0010322674236471552,0.0019633124468238284,,-0.0021477262642586536,0.0025679145376249824
2024-02-28,6.20956190476092e-05,0.006877259350405574,,0.00655371992449754,0.0018251782991297741
2024-02-29,0.002407807721801578,-0.009184131469692628,,-0.012532812942861725,-0.000584868627408482
2024-03-01,0.006886992183702497,-0.0142514473260269,,-0.014160923642742726,0.004616506083898065
2024-03-04,0.0005282418604861071,0.005775153528728483,,-0.001391232393903167,-0.0006731973640248801
2024-03-05,-0.0059422484662869455,0.009222448994686291,,0.004154571653375002,-0.008021037757893808
2024-03-06,0.006017319854272019,0.0024600690130869296,,-0.0002986207907088815,-0.004202056914912237
2024-03-07,0.006161651914899402,-0.00698812594294268,,-0.011761580858045007,-0.0055103829762900135
2024-03-08,-0.002635828851908571,0.012376123643401196,,0.009494201856085849,0.008665926342960803
2024-03-11,0.0007446868607017209,0.006173635643604358,,0.007765204230290737,0.008675578006652728
2024-03-12,0.00803176529193679,-0.01246051561151807,,-0.012817151314864328,-0.011944674351485263
2024-03-13,-0.0002380202307183637,0.007619274571536487,,0.004545163674293647,0.003400177127024895
2024-03-14,-0.004157364489743572,-0.0010063683553937094,,0.0033957841971402397,0.0014865682726164986
2024-03-15,-0.005340780292886165,0.006182630363149455,,0.0050044765715353875,0.001029867226798993
2024-03-18,0.0046685489052544485,-0.007976761898838336,,-0.007972511720205803,0.004096221655761231
2024-03-19,0.004358443035427136,-0.0005089901931121282,,0.004864990878686123,0.0012615763344092606
2024-03-20,0.006591351497817558,-0.007018060618553047,,-0.005299509509338941,0.002152261900026867
2024-03-21,0.0031624592295989642,-0.0030866529723199915,,0.002917640041413535,0.005001684882947299
2024-03-22,-0.003649615774758675,0.0004570926345283813,,-0.0013928372687500726,0.004230753601829104
2024-03-25,-0.0031337076552006423,-0.001286157097118501,,-0.001917447619365002,0.004049419245979732
2024-03-26,-0.0005838212214060604,0.00024477067577814986,,0.0027475786797415097,0.0010191924302905535
2024-03-27,0.011445276045246018,0.00898060506132252,,0.003788360026543777,0.00017030011391162662
2024-03-28,0.002218861683523933,0.003510546448193515,,-0.001226630925405403,-0.001142125832235911
2024-04-01,-0.004116237220325621,-0.004707558385671222,,-0.007084787119043445,0.0014119096436019942
2024-04-02,-0.008431750867250348,0.002110956587411013,,0.011829603672971168,-0.0016219476666503585
2024-04-03,-0.0007017289365493461,-0.007635206530137735,,-0.012511825387043903,0.0011403479737116863
2024-04-04,-0.010509145998828979,0.005459830637798712,,0.006541297611295696,-0.005285574643253647
2024-04-05,0.00876237674098196,-0.007967980550918775,,-0.0061790802833046905,-0.0025029897386023275
2024-04-08,0.0008725783863180945,-4.3909737049004554e-05,,-0.0024339350263153036,-0.0016651598800215162
2024-04-09,0.0028540666000290023,0.000163758874964004,,-0.0008032231413138619,-0.0012785140582312947
2024-04-10,-0.011331188657211217,-0.003954341379323212,,0.005038026075271833,0.0017746115693636523
2024-04-11,0.0008196595976709987,-0.010793498138576874,,-0.011646932927559623,0.0021619539161527148
2024-04-12,-0.014306769701039617,0.004882943040125402,,0.014108140065743398,-0.0019345154920425364
2024-04-15,-0.007899022508933094,0.007907079450357478,,0.008181284452581879,-0.007789111862984062
2024-04-16,-0.001244389035528103,-0.004701630564694962,,-0.007469001271901991,-0.0010804293461420312
2024-04-17,-0.0024761925488450574,0.0028340354222978568,,0.015360813766247143,-0.00862499323205349
2024-04-18,-0.0003772187093717054,0.003537259481182042,,0.0068501595843491435,-0.005356120342520298
2024-04-19,0.00044791602834498567,0.019772934743092115,,0.027092192961062078,-0.0016563098396810473
2024-04-22,0.007467852575909906,-0.0010339093159826875,,0.0006915714776319993,-0.00034538658714622014
2024-04-23,0.010572299331723678,-0.011114903093302892,,-0.01195040716913217,-0.0046653254995255525
2024-04-24,0.0008241675463407791,-0.0037192161336954983,,-0.0019883510736188026,-0.00551172913016776
2024-04-25,-0.004166996232512565,0.001577592200132864,,0.007770525655033655,0.005332626615184341
2024-04-26,0.0027288124511626603,-0.014800175448508217,,-0.017792435813648904,-0.00476360203543903
2024-04-29,0.0036876392687942476,-0.002775652717767448,,-0.003634382119779474,0.0022179361548625874
2024-04-30,-0.011168872778244106,0.00457039066136445,,0.007482359621598345,-0.00260874839672493
2024-05-01,-0.00372740993285097,0.006440328037891614,,0.015004049226701767,-0.008442723328912327
2024-05-02,0.005903144783161992,-0.0062099884923801875,,-0.015788197904905793,-0.0011032911445177486
2024-05-03,0.007650445792967288,-0.007052803571954328,,-0.012736224877961059,-0.002253889242207714
2024-05-06,0.00728662458005916,-0.011033583877795024,,-0.007480215627810087,0.002324028125931991
2024-05-07,0.004438932254004051,0.010810061386513761,,0.00857084745873915,0.0010228087002196575
2024-05-08,0.000616638047779631,7.529810693026619e-05,,0.0017472940086630064,-0.0019086248156119144
2024-05-09,0.0077911434316785015,0.004283924633348402,,-0.00035519256247625464,-0.004664216782927062
2024-05-10,0.0028399872493482807,0.00208959835950161,,0.0024833355153861905,0.0023484295841874393
2024-05-13,-0.0010694267543437952,0.0008073547777485887,,-0.002802914389786286,-0.0012559974661823128
2024-05-14,0.0037172425497585555,-0.00510517130192345,,-0.00916243047610842,0.007946003657719365
2024-05-15,0.009648599205193295,-0.00827690937481202,,-0.012988662708031814,0.006280304174686465
2024-05-16,-0.00012643863594990695,0.004469234494411967,,0.0023035717934931717,0.006607680352476017
2024-05-17,0.003141954859661511,0.0010771580047365817,,-0.00021117633333684487,-0.0012373414691435793
2024-05-20,-0.0021923693578544297,-0.004522812073526616,,-0.010913839028573036,0.0051472205594597495
2024-05-21,0.0012407238452820464,-0.007682353712147387,,-0.00022324073105975221,-0.00037053617196971893
2024-05-22,-0.0013117988536556337,0.0010752627403274651,,0.0009688657879393364,0.00598464406265542
2024-05-23,-0.011319765835127574,-0.004813262511006555,,-0.005816470413970506,0.006162871035368522
2024-05-24,0.0024923716293275074,-0.005954145659795955,,-0.002271331659891596,0.0007687319480545016
2024-05-28,-0.004546649847462404,-0.009942840466552923,,-0.009906240006949925,0.0014524828925486823
2024-05-29,-0.009668480656888346,-0.002447066415947675,,0.0020125193027213974,-0.001653352414060805
2024-05-30,-0.0015359688337780238,0.017877368757474865,,0.01794243516861911,0.0043927599047404245
2024-05-31,0.012639286049238283,0.00590453113882166,,0.004881477285562796,-0.004733641785469981
2024-06-03,-0.002996833772428472,-0.0041166671058699535,,-0.003430084986861785,-0.002606096442761208
2024-06-04,0.0019334034235036484,0.002649795662310635,,0.004030867620865997,-0.003937997872387145
2024-06-05,0.0061207760075145355,-0.008941864945370222,,-0.013796179063093087,0.006532746495710999
2024-06-06,0.00033540267204846955,-0.0019118913645902605,,0.0037094228636074256,-0.0011757152034791774
2024-06-07,-0.00025904205984782013,0.0006010020018170378,,-0.0010636435244500788,4.153084265466899e-05
2024-06-10,0.002299246076253529,-0.00035265205479336403,,-0.0070329381031008316,-0.002649230113419558
2024-06-11,-0.0033916617180327403,-0.003080661949409669,,-0.0009186513962171922,0.0017658966107215069
2024-06-12,0.0030780275116101454,-0.012270376497832197,,-0.015754823830860524,0.001542280881259665
2024-06-13,-0.0005940287536886505,-0.007986916861113838,,-0.004672994309990238,-0.0052668285668062255
2024-06-14,-9.873622755478969e-05,-0.00798569564247336,,-0.004349542126039426,-0.004016676908349811
2024-06-17,0.006516291480006304,-0.006212465880393333,,-0.006480110184011759,-0.0046320750854885635
2024-06-18,0.0025564379895786854,-0.002037424765999896,,0.0024214451803313275,0.0029885293043699986
2024-06-20,0.003680405968860725,0.0024375411339414782,,0.007455974028573306,0.0043385748908844725
2024-06-21,0.000687033155241235,0.002540412907896824,,-0.0007389754984142517,-0.001105100943537222
2024-06-24,0.0027859690979778235,0.013432057567729461,,0.01318224477372143,-0.005220497352524193
2024-06-25,-0.003705389881647527,-0.010895830324305692,,-0.007293815504244709,0.003199945470059788
2024-06-26,0.00033352068707578273,-0.004805475682751366,,-0.009533298464037032,-0.00618752091419957
2024-06-27,0.0008392837791049712,-0.0019066011104806615,,-0.00866670831119527,0.0034860540942551568
2024-06-28,0.0004983715273894606,-0.0013910446323160297,,-0.001857669974109958,-0.009189513341223705
2024-07-01,-0.0024430803944043085,-0.009508235534628467,,-0.004977520609209355,0.00756154723024286
2024-07-02,0.005881206221480844,-0.005420771869934886,,-0.003638086027053588,-0.0007899958617327693
2024-07-03,0.000902545280505514,-0.009777589538848693,,-0.007195916358140601,-0.003501879031998948
2024-07-05,0.003564749574542725,-0.0039702050047738194,,-0.001622998964528592,0.0019287599672724643
2024-07-08,0.0009346034363351912,-0.00047141236391533194,,-0.006693463567411703,0.0024540897936766205
2024-07-09,0.00012868613633030903,-0.0001873214504656384,,0.0015394291741507304,0.00036107452934343775
2024-07-10,0.00832393581559173,0.002523741144405585,,-0.0026649251564719346,0.0032930243574669227
2024-07-11,0.0022443710303934826,0.027698034136470324,,0.013970672487060978,0.004935034709254619
2024-07-12,0.00469518628803434,0.002499877063620337,,-0.0015401550156865507,0.00016975788884199955
2024-07-15,0.002547140197998032,-0.007525610984112249,,-0.0023278653439439763,-0.0027507286201624605
2024-07-16,0.012245948877376405,0.004727494032179669,,-0.002976990348445112,-0.004427333255852265
2024-07-17,-0.0010559669859104201,0.029625887708918663,,0.03296389203398157,-0.011881271860575304
2024-07-18,-0.009879247391038808,-0.0006935462633147482,,-0.0014644062067816922,-0.00828819680125035
2024-07-19,-0.005044923470594293,0.005004955058102778,,-0.0013196548466793633,-0.00489153615557103
2024-07-22,0.007538087122801418,-0.007522131142124549,,-0.009995922151466705,0.0022565713579303258
2024-07-23,-0.0024558866422477164,-0.00034749877901277433,,0.0023365169929946746,-0.0023309722473078536
2024-07-24,-0.011548749540018312,0.027114087651200127,,0.022794949003990515,0.006335559782221482
2024-07-25,0.00023730019742904742,0.007621748164597342,,0.007116704546199963,0.012001202264979824
2024-07-26,0.016042703652750716,0.014728008677153208,,-0.01457973731696213,-0.005228019117670818
2024-07-29,-6.204633754598703e-05,0.0024319659042050506,,0.0021379144382896753,0.0031699121038728704
2024-07-30,-7.487258394619886e-05,0.014821297312351371,,0.017617511367946596,0.006916246154641918
2024-07-31,0.007076620660648451,-0.024663673826510867,,-0.0233708841711103,-0.008715995626727617
2024-08-01,-0.006773415154128838,0.023440194763493544,,0.024080090202015562,0.008186592244114199
2024-08-02,-0.013140076740528505,0.016323874569861944,,0.028699917055197404,0.00988099148252408
2024-08-05,-0.025583390235288515,0.0008652732195719159,,0.00041316086427617416,0.0011808884261052636
2024-08-06,0.008526648462200194,0.00027284760251149176,,-0.002752170462143281,0.000801120420135179
2024-08-07,-0.00651009752085363,0.005153505656910084,,0.013641115567807175,-0.002625331318760649
2024-08-08,0.020143920448518912,-0.01638117383899841,,-0.02025987686835641,-0.011696174315574164
2024-08-09,0.0024132461305692043,-0.004598904567883987,,-0.0015266445815356746,-0.004664856330759349
2024-08-12,-0.002359026378299182,-0.0047459554335783785,,-0.0035690414184833064,-0.00020861249543541183
2024-08-13,0.014443367047668406,-0.016483145080379312,,-0.025243957388857926,0.00950207506958342
2024-08-14,0.003973728549699883,0.002385240875610506,,0.0037866246618801524,0.0018876932488754881
2024-08-15,0.013251407946764361,-0.018657126099883067,,-0.015213162947059636,-0.009588191898094407
2024-08-16,0.00235238197256976,0.0009119673611500678,,0.003244640428273782,-0.0008933517803294028
2024-08-19,0.007210005198262306,-0.005177390508067762,,-0.00569961836617832,-0.003069855985714091
2024-08-20,-0.0008441293739911585,0.0012041913943557432,,0.003997268726141286,0.002761962937547361
2024-08-21,0.0047563365667149075,-0.0023145023029857176,,-0.004887700774675841,-0.004826566669125839
2024-08-22,-0.0044265394497597045,0.01283847551300187,,0.013274970509497903,0.004993213796724745
2024-08-23,0.008509241468500343,-0.006020814107296608,,-0.007939549833925382,0.009070356347381877
2024-08-26,0.0009281239649387305,0.008041945995768369,,0.010806472954087452,0.001900247301642736
2024-08-27,0.0022363142320477643,0.0005792268889906363,,0.000305402301563821,0.002027530653018224
2024-08-28,-0.0029427442009563338,0.012724536233598796,,0.007111371363683009,0.0011298414878561308
2024-08-29,0.003521895648645828,0.0031220772386390174,,0.00269740149036346,-0.002856366507091646
2024-08-30,0.009174247161210222,-0.003040080370009501,,-0.007057204178571896,-0.0032700155450782224
2024-09-03,-0.013609168618546648,0.019449356468894057,,0.027137650895218798,-0.002309746821764838
2024-09-04,0.0028996841573661145,0.004441789540292237,,0.0005946002217122235,-0.0029088623879440037
2024-09-05,-0.006753475778584047,-0.004035189250108292,,-0.0006872739987907094,-0.004859998585128514
2024-09-06,-0.01263307864737663,0.013680477036918269,,0.018084685494035347,5.176854293591562e-06
2024-09-09,0.011550908619796789,-0.0038390820162708533,,-0.0016989398703218719,5.0141679204172146e-05
2024-09-10,0.003425679335510819,-0.005128382731908233,,-0.0072929618876673855,0.005183512569605165
2024-09-11,0.0029012469576175422,-0.021442240622568613,,-0.019541262764907415,0.002499930338138268
2024-09-12,0.004820930443463743,-0.004332097391605742,,-0.00179454909193717,-0.001352778645158992
2024-09-13,0.00547978171197816,0.00020971084646807326,,-0.0001508821034161608,0.005692345007337674
2024-09-16,0.005215558684282858,0.006847328452508246,,0.004639336727808141,-0.005608920851552552
2024-09-17,-0.0021265700357608183,-0.0036113225958498713,,-0.006398504582061759,0.0007555031284755247
2024-09-18,-0.002873252967456004,0.0037417189329208237,,-0.0027037323817649785,-0.00020884095475182845
2024-09-19,0.012293515832646915,-0.017031487964435887,,-0.026257398992438855,-0.00025899647602276553
2024-09-20,-0.003509757068479887,-0.000656160772014458,,0.011763798938303035,0.0036545458927212354
2024-09-23,0.002644472285305209,0.0010448800525789488,,0.001622469550584156,-0.004537105050102178
2024-09-24,0.0006672957202044559,0.00045653025424414735,,-0.006980850859207303,0.0019007236653042418
2024-09-25,-0.004393729088599459,-0.005778672473913382,,0.0011078529199310555,0.0003195127613772053
2024-09-26,0.0051499693154161315,-0.001971995183824611,,-0.012377479962705051,-0.004709137446087945
2024-09-27,0.0006191648395602476,0.0053075272569685725,,0.006360551033591599,-0.0019054815926659733
2024-09-30,0.003781951462542597,-0.0024100381878029804,,-0.0014783149082119528,-0.0005468829539470141
2024-10-01,-0.005555423265160106,0.006602261631761985,,0.017163006749521915,-0.006070975104423563
2024-10-02,-0.00082920208419907,-0.005206157930389529,,-0.0011566197272947201,0.0028055049189143364
2024-10-03,-0.005389511600917996,-0.006419830090427755,,-0.0009193454416894014,0.0006886822638237072
2024-10-04,0.007031682479460154,-0.011739302208674344,,-0.016003839610538195,0.004779624857846591
2024-10-07,-0.008577414309226828,0.003791846330418203,,-0.005776427134349285,0.0025094608989941567
2024-10-08,0.005935195281642806,-0.005023766116557605,,0.0010555609430580272,-0.001898981241903634
2024-10-09,0.008729416429662516,0.0017006784109976393,,-0.0011319831108335572,-0.00013162922968595892
2024-10-10,-0.003236001176598445,0.0010376577951159093,,0.0006535272520936555,-0.004350820465877877
2024-10-11,0.008218459514891877,0.00457479845677835,,-0.0014108241642421448,-0.0008172805862719399
2024-10-14,0.006874626349716707,-0.0027316410503404097,,-0.002040356533618515,0.001395867862482851
2024-10-15,-0.006198990114469465,0.013118606109001067,,0.01870140405632628,-0.0016636973009641655
2024-10-16,0.006602186241933176,0.008937916027365708,,-0.0022016131890032894,0.006183966907830407
2024-10-17,-0.00100048529519038,-0.003483406499999501,,-0.003438078192199804,0.0026014742750122945
2024-10-18,0.0036441389701135276,-0.004806854094198091,,-0.003183128286616525,0.004357737821270047
2024-10-21,-0.008345496556614698,-0.008659140252261891,,-0.0005517765784419024,0.0034553046418044795
2024-10-22,-0.00048533064562020277,-0.002696731138906905,,0.0033458664508370095,-0.006505853824112166
2024-10-23,-0.0052865713422585,0.010230148495440194,,0.004956049005078889,0.00038392528464623217
2024-10-24,-0.0012923535506257197,-0.01110328809971692,,-0.015667633818395078,-0.001706674997774701
2024-10-25,-0.0043179246188815214,-0.00867768559535487,,-0.007854573584781657,0.004049177587623868
2024-10-28,0.0033900283929287275,-0.00034814126188952325,,-0.0009589474408751391,0.005109516925759039
2024-10-29,-0.0024043824570346446,-0.012944388862870405,,-0.01513805222765291,0.006798169193268859
2024-10-30,-0.0027131521700647014,0.011394033833101532,,0.01210532352598811,-0.0007011276532829477
2024-10-31,-0.007754614238225735,0.019143436371478424,,0.012417209846427694,-0.008210241790804677
2024-11-01,0.0018402929441041925,-0.008380598167007643,,-0.003271828964290709,0.007350571534249254
2024-11-04,-0.0028764519893461934,0.004519249779005378,,0.007330435911151782,-0.002178137701213123
2024-11-05,0.010283754724352303,0.0011426017423233487,,-0.0038161042973960313,-0.00021878160038630613
2024-11-06,0.022528759161284075,-0.02490136220933415,,-0.058532352425872035,-0.00386169070651584
2024-11-07,0.0033195986800397146,-0.006595834977017226,,0.0008086807824829771,0.01251204586988599
2024-11-08,0.008093147889085448,0.0013456996333933713,,0.006238960005051202,-0.005900871065430143
2024-11-11,0.003357698566727729,0.0031077623946686303,,-0.005343417938513577,-0.0008875240825467869
2024-11-12,-0.005767942808880315,-9.497667449476612e-05,,0.0037217999661193248,0.006262283477401824
2024-11-13,0.0012898877465032615,0.0071941497703943875,,0.0019259910343288073,0.0011863896704549274
2024-11-14,-0.0063566706288762905,0.0006824157732842132,,-0.0019142547769771534,0.0009010454331016991
2024-11-15,-0.009394882109248624,0.013456087877250358,,0.01437662929128969,-1.0542379613764571e-05
2024-11-18,0.005186972802770241,0.0012929005004050287,,-0.0041817273816468934,0.005679114759383567
2024-11-19,-0.0020256280813449696,-0.004895047458706129,,-0.00265401473080011,-0.004516011452112752
2024-11-20,-0.00018718828309234234,0.00441611460531176,,0.008859925315247862,-0.0157038525900113
2024-11-21,0.009438321994127835,0.0026043047036285573,,0.00032970497725721623,-0.001063015634576699
2024-11-22,0.005771491895198532,0.0018894792090166463,,-0.0010293663340408153,0.0025440775371803155
2024-11-25,0.006272079242433434,0.007648667800262136,,0.0005270394768717417,-0.008189955694897454
2024-11-26,0.003201074858283372,-0.0021013522987723483,,0.0061279393428065095,0.00508089182134056
2024-11-27,-0.0008491746166823007,0.007776030670363924,,0.006733255653700732,-0.005123517123237013
2024-11-29,0.003626001197494004,-0.006135053697687728,,-0.006891195124917315,0.002098962657392704
2024-12-02,-0.0011078221066060186,-0.014064786363194404,,-0.005715315097698452,-0.0031944095830275503
2024-12-03,-0.0035397193074358352,-0.009628191685523035,,0.0014535135640931234,-0.0010254918634823528
2024-12-04,0.0010543948409719966,-0.011994709350453,,-0.008454159920297495,-0.0023698092518706065
2024-12-05,-0.003437648345818054,0.00024325507836854988,,0.006582377268455574,0.0008850275965752935
2024-12-06,0.0006069058198484861,-0.014777728739885025,,-0.006135321557953962,0.003741225393527562
2024-12-09,-0.005893059928289317,-0.0014876244504257174,,-0.0009195383403778311,-0.007057999816818897
2024-12-10,-0.0032450020841101727,0.0020025285871618117,,0.011832819467730842,-0.0015744222106276826
2024-12-11,0.0004830341264635461,-0.016603097381362487,,-0.0063375277424384795,0.0027342995873569256
2024-12-12,-0.00592743792961519,0.008868072662462308,,0.014068752134459473,-0.00239685979748601
2024-12-13,-0.0002872690491673056,-0.007081478845531538,,-0.007636925537174048,-0.010537059182667848
2024-12-16,-0.002496284909089584,-0.009136092291837516,,-0.0048043040997490976,-0.010874960651890298
2024-12-17,-0.004719852755567662,-0.0029103401564445504,,0.007975144656354193,-0.002083662347272094
2024-12-18,-0.024860293797847856,0.004026275560221792,,0.007962464814247484,-0.008788790008015513
2024-12-19,-0.003872793452550187,-0.0018460902225886995,,0.007046064067892546,0.014704616788408424
2024-12-20,0.00947526995515263,0.0027347303507895115,,-0.007671305663069366,0.000406061145510013
2024-12-23,0.005296207233866476,-0.007040366519239036,,-0.012504771657235302,-0.0033055429078752956
2024-12-24,0.00984280827218251,-0.005568654176604774,,-0.0024517536395306776,0.0005837160883767172
2024-12-26,0.0013057062584481943,0.0031362858431611945,,-0.000651335086706469,-0.0033390030868393206
2024-12-27,-0.006743745140137267,0.0054302403996764744,,0.005994073990595762,-0.00015484326434431813
2024-12-30,-0.010776067727767973,0.0032622596326980727,,0.0006767771980240034,0.0018931495088135106
2024-12-31,0.00025541393542152167,0.006287128096851013,,0.005476882497692411,0.00020335134699653876
2025-01-02,-0.0019227045845917011,-0.0010561013761919056,,-0.004664312205660115,0.00229846529036097
2025-01-03,0.009247459285455803,-0.005005034882278069,,-0.012932143071453638,-0.003109505833752627
2025-01-06,-0.0008194724783825311,-0.01534852316843932,,-0.016582044017379102,-0.004344400115787487
2025-01-07,-0.00255448945323346,0.0074798620046794455,,0.006000687340411829,-0.0025314293327698524
2025-01-08,0.0026656723618236015,0.006643200287285138,,0.006472779304531488,0.0012212072322331643
2025-01-10,-0.01446602966760995,0.0021127471254313353,,0.006323782232003887,0.0013400061047541736
2025-01-13,0.007623079613213719,0.011340979523269346,,-0.0012024710302257447,-0.002637083671234955
2025-01-14,0.004007529127749565,0.00924417230740167,,0.006440731553837586,-0.0006990084358298215
2025-01-15,0.012903448476130409,-0.019970890171441037,,-0.017976730175827176,0.011044962633653253
2025-01-16,0.004363614555680144,0.017542307990325724,,0.012600218281675696,-0.007244457755803691
2025-01-17,0.0058816833887319585,-0.00917464532953164,,-0.008683487862924177,0.005854130690920848
2025-01-21,0.01293916732222283,0.005894133668981456,,-0.010622371353721499,-0.0004894009986338831
2025-01-22,-0.00022714160031897242,-0.015053529150364682,,-0.011501416240227632,0.0037726789742289235
2025-01-23,0.009451493553235308,0.0019123022240921947,,-0.007633174629244081,-0.0012312242093254246
2025-01-24,-0.0012793781280646494,0.007474361153020266,,0.008017681923438266,0.00020654264233370694
2025-01-27,0.0040359789328926945,0.027037924865727578,,0.038023833658391556,0.012396048189097952
2025-01-28,-0.0042944599684389346,-0.016866442781827317,,-0.013430532383680057,-0.008600418018993429
2025-01-29,-0.0013873112330975062,-0.0030921640114982296,,0.002066974059737977,0.0005437832265042871
2025-01-30,0.010348785661706383,-0.00649829469513515,,-0.0012872353279704488,0.0014981699772829062
2025-01-31,-0.004730536597657412,-0.002547482566564692,,-0.006028272925888689,-0.0039181330027239746
2025-02-03,-0.0037516320063439063,0.005194412424589238,,0.014101298640879594,0.0012788686311138876
2025-02-04,0.003342335590071408,-0.006544182892645185,,-0.008875424988687573,-0.002787932022294737
2025-02-05,0.004588869395901344,-0.001191318313657545,,0.004094188153111189,0.0011790205483824439
2025-02-06,-0.0005400923338667743,-0.0022835291274300915,,0.004672833346211695,-2.688599471792894e-05
2025-02-07,-0.008141680327377852,0.003283092633388337,,0.009650004283253688,0.0017673474910219677
2025-02-10,0.004750963241988401,-0.0033694563658608337,,-0.0022573570436608785,-0.000836107353182884
2025-02-11,0.0029840433147735163,0.007343660891846489,,0.011360827581065897,0.0033874363305657663
2025-02-12,-0.00338942201852308,-0.0039038146419786276,,0.00039659035619368224,0.00308252292969513
2025-02-13,0.005565655616223674,-0.006072763365269485,,-0.00043237902137458536,0.0021743334594369838
2025-02-14,-0.0035082332616558016,-0.010162729893891014,,-0.005520578464525213,0.003638109920398313
2025-02-18,0.003963878572208406,0.0037237013668749916,,-0.002473307751691334,-0.0018653119032139434
2025-02-19,0.005542980948770241,-0.0008235066204536363,,-0.007781915337355642,-0.0035564992523731765
2025-02-20,-0.0018252299983612583,0.009467514598896727,,0.0005982184310838782,-0.00467254382184206
2025-02-21,-0.011615279349392929,0.011525170610708258,,0.01946213978325727,0.002831507534046148
2025-02-24,-0.000963044264877952,0.012198574319930352,,0.009917751972548723,0.005104287793106569
2025-02-25,0.002294950646624544,0.01771876509710072,,0.013299713394073731,-0.0033817059272372883
2025-02-26,-0.0030615492972473424,-0.006724806608523904,,-0.009768078874399087,0.0007061963426871227
2025-02-27,-0.006371039744692824,0.022380085418491177,,0.025736328675871147,-0.0034517370459109633
2025-02-28,0.014184303858210415,-0.005461176980958634,,-0.000508685702141928,5.4807314980365174e-05
2025-03-03,-0.008942962168011938,0.015141711080194594,,0.018382683831187407,0.007384578105770833
2025-03-04,-0.015226465951972048,-0.0042053859334196236,,-0.008848569579421857,0.0027471306210039344
2025-03-05,0.009136062272901377,-0.004604311035077776,,-0.009552707884618091,0.0021681111290536154
2025-03-06,-0.012081660077937886,0.018832074936371367,,0.0210794303780043,-0.00022417315347816533
2025-03-07,0.006093373448576825,0.008173781807979737,,-0.0031372567317987914,0.0022359844279461073
2025-03-10,-0.01762682009666862,0.02888477782762538,,0.0306088023182328,0.00968871481306954
2025-03-11,-0.011572303093137557,-0.014360493429128294,,-0.015150432394407866,-0.005853926265240313
2025-03-12,-0.0016161816411140258,-0.01893367862728897,,-0.018947435021310806,-0.010183381987653405
2025-03-13,-0.011726807348740922,0.016566701516868933,,0.01691377916260655,0.008797028041720492
2025-03-14,0.015203681819106299,-0.012711012432287018,,-0.0117674236958664,-0.009389149965413185
2025-03-17,0.010347542775280718,0.0041778808376457645,,-0.0017028447831525673,-0.0024535459884131566
2025-03-18,-0.007160041384827076,0.008792126295544555,,0.00972969984249654,0.007020707299646903
2025-03-19,0.007139240820956712,-0.007540304577142594,,-0.008250705124200711,-0.0029040804991403053
2025-03-20,-0.002530848878538944,-0.0035441592033049678,,0.0007927404723183576,0.002012247473959609
2025-03-21,-0.002218101660515899,-0.010272775391785026,,-0.003778457083043581,-0.0005313933555764149
2025-03-24,0.01531656001857562,-0.006422754416624248,,-0.01746955021298518,0.002196170748577064
2025-03-25,-0.0010966298339134188,-0.0037626203716945956,,-0.002022262484787511,-0.001698902138734511
2025-03-26,-0.0033418614608695606,0.017598392744705448,,0.022401406039764864,0.0021211031873898615
2025-03-27,-0.0023208902473056564,0.004877668666599344,,0.014011677594031106,-0.00034154773955270184
2025-03-28,-0.014630635395476582,0.007978532884036266,,0.014555428906834868,0.003596071059065368
2025-03-31,0.009330596342971322,0.006004494368602723,,0.012126743671906911,0.001941082168057202
2025-04-01,-0.0010129242247334665,-0.0008713920185153156,,-0.000933823941823501,-0.0018054349774915119
2025-04-02,0.005538338673347138,-0.0046256629281553685,,-0.010772038158279255,-0.003408837222673056
2025-04-03,-0.04031795648347681,0.014316550382469026,,0.07243892639820193,-0.014947951730137354
2025-04-04,-0.05910839539564109,0.008048972501905123,,0.024513856559220067,0.002314941556280252
2025-04-07,-0.00546253020786582,-0.011231087588400468,,-0.020863264675443995,-0.01444983397099151
2025-04-08,-0.013840619299755429,0.0032008431932784975,,0.0057469869164494935,0.006733427549733061
2025-04-09,0.07849785167428898,-0.03733605423678701,,-0.09643920925838889,-0.023887893101772598
2025-04-10,-0.03217995974793219,0.013931979122638383,,0.04835769147172352,0.0196009807916853
2025-04-11,0.014613145416081838,0.0012526821414653878,,-0.002184075201067944,-0.0004679722416955027
2025-04-14,0.01002311804746149,0.004471897779523304,,0.008688607503307277,0.002785993094644997
2025-04-15,-0.0035930880791367973,-0.009278619559392359,,-0.006457936210808435,-0.00642709837511517
2025-04-16,-0.015796771114645516,0.014496963560190873,,0.01677412969946805,-0.002451403216088643
2025-04-17,0.004172901947016636,0.0022272242889075883,,0.009846026612402036,0.005511271149860382
2025-04-21,-0.019538697208936875,0.005215388439879225,,0.009241369110016141,0.004303805347411961
2025-04-22,0.022767580794750258,-0.007137170645085355,,-0.005158051433848294,0.008278163671658862
2025-04-23,0.010462906779889165,-0.013182478183473421,,-0.02702768298072528,-0.006548600060909356
2025-04-24,0.014856173302431868,-0.014571506446801085,,-0.03379439428604532,0.0018283174007112813
2025-04-25,0.002772553667024602,-0.01724735636491742,,-0.014483402408888586,-0.010230519176412108
2025-04-28,0.0023439113062328747,0.0017127053878538928,,0.004247754658025279,-0.0005234947077942327
2025-04-29,0.005763745076571787,-0.0007393728967782717,,0.0068442028272839,-0.004140717191213791
2025-04-30,0.003445077133625958,0.00500936656658116,,0.010355778199172602,-0.0006593148967124927
2025-05-01,-0.0023907201828634287,-0.000831988573566119,,-0.008704572765890924,0.009670728904921773
2025-05-02,0.016066804727549795,-0.004952031424371438,,-0.013494144251209053,0.005645908646675284
2025-05-05,-0.004528866683663732,0.0009600064428773366,,0.006034555137267982,0.001841889706073063
2025-05-06,-0.010354330288353435,0.0036100131259476946,,0.0027347343908088314,-0.00012177907523696144
2025-05-07,0.007309895407882538,0.0005423966844504413,,-0.011028598279109217,0.0006213522220756915
2025-05-08,0.004137312884076823,0.0018205781248930536,,-0.015566118700385524,-0.0023158632642365875
2025-05-09,-0.00217408561993526,-0.0016681617570785605,,-0.006769362217091885,-0.0050548593883083855
2025-05-12,0.028108618613449893,-0.021279257972207956,,-0.04822251499767549,-0.01296454579405103
2025-05-13,-0.0019949354987753706,-0.010312264469179286,,-0.01855169155549173,-0.0012860207091505561
2025-05-14,-0.005138528439344139,-0.0075420216056643246,,-0.009937336887995748,-0.0015312128054208746
2025-05-15,0.01160860769390817,0.016562060588061856,,0.027535519491220413,0.005850791799361472
2025-05-16,0.008834719263095777,0.003786207101971313,,0.004174001757931218,-0.00824667243724159
2025-05-19,0.002394732984445367,0.00025601742350870715,,0.0055351444563338775,-0.00019124122335766307
2025-05-20,-0.0013054023330592228,4.047839508199971e-05,,0.0005249751762193925,0.0007184934719366727
2025-05-21,-0.017841895858322625,-0.0007289517499329615,,0.01139837545267951,0.002084470026661442
2025-05-22,-0.003402724680374192,-0.003216343721944936,,3.1294965112818943e-06,0.004370200005377152
2025-05-23,-0.003340622991262755,0.00807948048518622,,0.008805595784016995,-0.002717938579776402
2025-05-27,0.017899563294346974,-0.010041956210038462,,-0.015263395265694849,-0.0033253012106690787
2025-05-28,-0.00560698514746804,-0.0035857644199053496,,-0.0018399591945675274,-0.0015177990618591517
2025-05-29,0.004597045991961534,0.005907744781275777,,0.0017992862695399643,-0.0025621446898870027
2025-05-30,0.0003865047774036376,0.0036095993704211094,,0.01949888112251106,0.0028934271644147675
2025-06-02,0.002188761178510453,-0.007064980562277146,,-0.005601472395553713,0.0034362430099413345
2025-06-03,0.005241100615283732,-0.0036860600404909575,,-0.012554382891597604,0.0020991346365781148
2025-06-04,-0.001424756288042482,-0.005924721747780729,,-0.0051948450162168985,0.0019979624925119174
2025-06-05,-0.0034429713345590415,0.003800430682890417,,0.0032611298807106344,0.006602101092812758
2025-06-06,0.009792566211702478,-0.005922051010232479,,-0.011793505704294369,-0.0015730524137976525
2025-06-09,0.0005153630911949144,-0.008402401382317716,,-0.015359006365741168,-0.007849395421731069
2025-06-10,0.005561801260255184,-0.0025490817754442027,,-0.009774669770039282,-0.003805065325726376
2025-06-11,-0.0006287351622832508,-0.00023092831154732552,,-0.0037862723154724427,-0.0009006451506876585
2025-06-12,0.004421755468409018,0.00029662653825767143,,0.000998371935088508,-0.006657573450798904
2025-06-13,-0.009722555723254783,0.003978389345237102,,0.0005400674429215553,-0.01195497100111409
2025-06-16,0.005783678594292129,-0.008863074306694715,,-0.016631279768065603,0.0033650161768297637
2025-06-17,-0.009452792036427276,-0.00012296446313646552,,0.002350986420704285,-0.0042311304395025555
2025-06-18,-0.0007924768067862036,0.003129377673246762,,-0.005500883596611176,0.0025947363714680016
2025-06-20,-0.00013872468054421444,0.0050985966359713645,,0.006491157043062046,-0.002275843637226719
2025-06-23,0.00836060442435422,-0.002277240199726605,,0.002669685647963948,0.008155448327873852
2025-06-24,0.009506072731040425,-0.005064383764179096,,-0.010959722320622839,-0.003789619202729774
2025-06-25,-0.004147431704434236,-0.010505483370071471,,-0.009196002876038327,-0.006556190555168211
2025-06-26,0.005618624812407002,-0.005899772161824664,,-0.009979793197866979,0.004513452608197159
2025-06-27,0.005272433637461496,0.0009634897069696006,,0.001227825263343826,-0.005880990705579658
2025-06-30,0.005178480102346919,-0.0007035254570992378,,0.0008047162014359222,0.0025867660779792974
2025-07-01,0.0076051346152268065,0.015873917626380168,,0.006059054970346052,-0.018197800853885764
2025-07-02,0.0026941362620477496,-0.0026054640938038744,,-0.016264627413964765,-0.004859253001767671
2025-07-03,0.005362114093758715,-0.003181993318689462,,0.0006399153911157496,0.002073134505138615
2025-07-07,-0.008576941028639307,0.0015187260075144732,,0.010411131370827262,0.005427576673249716
2025-07-08,-0.00013971785657765638,0.0026828975465421475,,-0.012566828296415674,-0.007174972111703697
2025-07-09,0.00194674702145302,-0.0027278510048281595,,-0.005798120195615423,0.008853782066333964
2025-07-10,0.004824782557809389,0.004495026024257172,,-0.0031453544111140247,0.004187295230498381
2025-07-11,-0.005873136663398469,-0.0038176172700901127,,-0.0028266858120001557,0.003502863131612767
2025-07-14,0.0013562454398881234,-0.0009233902272851519,,0.002173433065248879,-0.0018606970683149055
2025-07-15,-0.009794778810279186,-0.008813275124005465,,-0.0018381298300483026,-0.0015238516630962842
2025-07-16,0.004772731739564573,-0.0003476164208831749,,-0.0004397636119039209,-0.006536393764472085
2025-07-17,0.003687505880889118,-0.005330604675675735,,0.0006911641448964427,-0.00010369123419304814
2025-07-18,-0.002878312245482466,0.0004760348925015017,,0.0034988097910283117,-0.0022178080448191843
2025-07-21,-0.00022180283894658338,-0.003996840828065973,,0.0021061282195789658,0.002961159218169858
2025-07-22,0.007982083271624028,0.017489800908375413,,-0.010448219964415884,0.00403679370899039
2025-07-23,0.007993239374421661,0.002285099338775594,,-0.005041375790275693,0.006373128774429711
2025-07-24,-0.004345045270955904,-0.0061386083451436995,,0.004734521818567994,0.0027357758672020543
2025-07-25,0.005683613245181016,0.0017840096217824342,,-0.001681377358950964,-0.0074619404523118445
2025-07-28,-0.002942933602259146,-0.012283420830748544,,-0.010280063112599571,-0.0013190523704114223
2025-07-29,-0.00035551580485594734,0.005986368292953521,,0.007027031391649752,-0.003993455214638027
2025-07-30,-0.0031313801958825155,-0.003204708078021031,,-0.0027395714653460947,0.00535707399064214
2025-07-31,-0.012242071308195473,-0.001495792703063303,,0.02244048918029754,-0.001483810440771163
2025-08-01,-0.009819772358823486,0.007928003149492761,,0.00931431514715281,0.00742623636791685
2025-08-04,0.012033865298287257,-0.0009655902099652749,,-0.0008781574865462157,0.0038942988997502787
2025-08-05,-0.004405370125585114,0.005723418347482131,,0.004490803795588298,0.0069148090607585675
2025-08-06,0.0015697415944363163,-0.006164571065118129,,0.00930666115114045,-0.00013040582192767782
2025-08-07,-0.0016386440094305118,0.006510726056052544,,-0.0014898426680654997,-0.002427756735914736
2025-08-08,0.006332642545010931,-0.005851326885113801,,-0.005568757639580297,0.0009250771012270604
2025-08-11,-0.0026585462451317455,-0.0006723451358370343,,0.0027185319525107796,0.001300374296622153
2025-08-12,0.010099289898749187,-0.0067818431773867234,,-0.013983738218388423,0.008707544413101587
2025-08-13,0.008358017434755807,0.010447434134934888,,-0.0046773984557669,-0.004471728867172049
2025-08-14,-0.0015077598165885889,-0.006006492920600352,,-0.003184231518822341,0.0033806961927719406
2025-08-15,-0.0012299223126802435,0.002292446595499187,,-0.006436831124693939,0.011460808923320735
2025-08-18,-0.00016300743307504027,-0.005633977725146521,,-0.0038223228837824287,0.0009908794637247106
2025-08-19,0.0022337822227800003,0.018019867622221804,,0.013075902768660757,-0.012411820789249746
2025-08-20,0.0028340883683721898,0.008194037170016063,,0.011340545766837606,0.001491654761010612
2025-08-21,-0.004204921447360034,0.0031286971880416584,,-0.001355859913959031,0.0013138095210229166
2025-08-22,0.012647672574307869,-0.0038132423415861653,,-0.009777306799355862,0.007813401669565866
2025-08-25,-0.008617168463477744,-0.006523386289965845,,0.0006914719591262844,0.0007568297946192598
2025-08-26,0.0033443875198610924,-0.002371482895511423,,-0.0025340717341140444,-0.001396603874822577
2025-08-27,0.0014679748767481525,-0.0033271383864061366,,0.0002062111395331783,-0.001023199138989006
2025-08-28,0.0005101753949557726,-0.006698466068325297,,-0.0015028154376949302,0.0016473196603021822
2025-08-29,-0.0013489402700683467,0.009526661996831162,,0.008192566820080974,4.55636218945584e-05
2025-09-02,-0.004265873747011731,0.002117210616312552,,0.005793028083028222,0.0024485874112922575
2025-09-03,-0.0032984333388136784,-0.01133859813519929,,0.0024910380622225393,0.001003353056485504
2025-09-04,0.005533496918478711,-0.002218754254431506,,0.0027440333358836632,0.003075112723096237
2025-09-05,-0.0015565078282227392,-0.00024437246409387463,,-0.013085436186303038,-0.008013873201761546
2025-09-08,-9.384238229946577e-05,-0.008405348038056797,,-0.00070497644099304,-0.005791051668503981
2025-09-09,0.0004116724691224519,-0.01347387331629251,,-0.0007920002754131221,-0.00433381463021334
2025-09-10,0.0017543044192753017,-0.01251287732304819,,-0.017182807036815746,-0.01254469685436916
2025-09-11,0.01078131093147615,0.009712542229108442,,0.0038681946941327462,0.007796155379268902
2025-09-12,-0.006340214065807714,-0.007570579978333726,,0.0025966406771282553,0.0011996183966177737
2025-09-15,-0.001078693294068799,-0.011213444277489399,,-0.003845223664610616,-0.007266109124834101
2025-09-16,2.1969379538254933e-05,-0.005963149457631389,,-0.0050622285336770195,0.0018713770520462304
2025-09-17,0.004376941191372056,0.00015769530520088173,,0.008015090036359071,0.0008702713082200755
2025-09-18,0.0006403953927642643,-0.002751995306940787,,-0.007501643967796005,-0.011809364451843662
2025-09-19,0.0008054827085177832,-0.006971776893182876,,0.00037034733239627764,-0.002473460782470564
2025-09-22,0.0016620319110784703,-0.007691456907967031,,-0.008672453917510196,-0.005038793781863427
2025-09-23,-0.001967213143060666,0.005840682817181364,,0.007877664134291114,0.00362957000343143
2025-09-24,-0.000769476278808907,0.0016205512105343304,,0.00035371235015736096,0.001153779790295173
2025-09-25,-0.006149365337392771,0.002454026075889305,,0.011183065583128508,0.004678502047664523
2025-09-26,0.00599895436707631,0.002132490315161395,,-0.002028844279114728,-0.0029600131125053037
2025-09-29,0.0005263632339490802,-0.0004211300518067396,,0.0003170079689747956,0.0019552892070626863
2025-09-30,0.0038879018578263586,0.005188488522189446,,-0.004776995069609024,-0.005757271575822646
2025-10-01,0.0034005434598581956,-0.0030897301849953872,,-0.026207035317561158,-0.011204005051426021
2025-10-02,0.00010090961013856602,-0.000526232678318254,,-0.0074215550982835235,-0.001311072874537474
2025-10-03,0.004173323949988351,0.01038515241204115,,-0.00015342803465985978,-0.0022668499216316235
2025-10-06,0.0029653582515863476,-0.013701287872405547,,-0.01157260335858054,0.0002117988423528098
2025-10-07,-0.0017240006697132723,0.004259702319090245,,0.008102638060842177,-0.0005745978945357962
2025-10-08,0.0021758075907019896,-0.010579915604748535,,-0.01185726223694253,-0.0143212677637389
2025-10-09,-0.0030319606570367746,-0.005898081575112509,,-0.004240118381640097,-0.0008787857033790256
2025-10-10,-0.018825836142585768,0.012403338670330943,,0.025001351512426342,0.0016803596174888163
2025-10-13,0.008597549491045261,-0.018224592259188134,,-0.015075412300905847,-0.009395589803226051
2025-10-14,0.007133034215508394,0.01178571333668359,,0.01030926179951036,0.009628331836715836
2025-10-15,0.0020158378595512565,-0.011950759975966705,,-0.013837967458475535,0.0006992653446082171
2025-10-16,-0.007579585662681344,-0.002600735483716232,,-0.008861070443134163,-0.0008200494368009337
2025-10-17,0.007073730360959204,0.006459686196910164,,0.004389253476865069,0.0082391383574248
2025-10-20,0.008891936796488696,-0.005329492799037771,,-0.007846978784944735,0.0016265028872300864
2025-10-21,0.004248623011485116,0.0060261175195469065,,-0.01023020685716353,-0.0018217796182667468
2025-10-22,-0.0028952361485704036,0.009261675112081647,,0.011132768588134249,0.0023576339225947927
2025-10-23,0.004257673300151085,-0.004368836175119114,,-0.012547874422679798,-0.0038664317331504475
2025-10-24,0.001978043127469317,-0.013542882367052348,,-0.00892994016032042,0.007287345266435848
2025-10-27,0.007539664202351914,-0.009499103741122502,,-0.01158227544164957,0.001670038265747702
2025-10-28,-0.004887865981379615,-0.009801015261964618,,-0.010270169986637104,-0.005041964419962922
2025-10-29,-0.008680838051926848,-0.013144941571765375,,-0.009593638804587967,-0.0015301718660182591
2025-10-30,-0.003344124974876161,0.0034447809576472572,,0.016494818167901493,-0.0033902863606949905
2025-10-31,0.001435285203870302,-0.004627617847939657,,-0.008417491741217384,-0.0010810384753969448
2025-11-03,-0.002329461707863236,-0.0033217708292769747,,-0.008412078622856985,-0.004345750304344901
2025-11-04,-0.004712817324423068,0.01167701880909532,,0.0268293402523159,-0.013278690930077719
2025-11-05,0.003118543131096204,-0.014378241673157696,,-0.016369433625645115,-0.003059578808561736
2025-11-06,-0.0060976789172521115,0.011548819745947243,,0.014954695429842138,-0.0007693985905269408
2025-11-07,0.004096219753851133,0.011237857638613102,,0.006190610958259657,-0.008048882706683406
2025-11-10,0.005395595732126756,-0.016503654688032714,,-0.008548538058352935,-0.0012553694771873817
2025-11-11,0.009684668463122758,0.010209209926945248,,0.00014507842433942111,-0.0004976432569735751
2025-11-12,0.004844404630258756,-0.006006206270009388,,-0.005332336093917234,0.008079729369371824
2025-11-13,-0.009460434656585283,0.013448930882391567,,0.014494807853885912,0.0006591006309426758
2025-11-14,-0.003479058250025032,4.765643470413172e-05,,0.00028944004450887073,0.006378088606345548
2025-11-17,-0.009020628707399841,0.00036885126853154586,,0.0025341546051352148,0.0014822334349214612
2025-11-18,-0.002374097969819009,0.008768882410666387,,-0.0022926052509654963,-0.0025603416196063548
2025-11-19,-0.0015460666047763323,-0.011111480952208298,,-0.002675319409784264,-1.165902579469951e-06
2025-11-20,-0.009777252642567071,0.011021161936142936,,0.016684913073061816,0.0081626799987576
2025-11-21,0.013492395660498707,0.009854982050132898,,-0.0017172637661034221,0.0047669692788687
2025-11-24,0.002855520065274488,-0.019642031339679362,,-0.022651637225394906,0.003149962808818559
2025-11-25,0.013315421424298202,0.002739447352131519,,-0.007758862920867419,-0.0037886997927568927
2025-11-26,0.0052490804836123235,-0.0024011439446794255,,-0.0037904333411654225,-0.0019787579728764255
2025-11-28,0.005304497835730732,-0.00148346713700855,,0.0003462635758887866,-0.001548899192022927
2025-12-01,-0.006746492145728033,-0.0018352902027596613,,-0.0009021516599820355,0.001727001216445671
2025-12-02,-0.0007565337009167524,-0.007483708124453881,,-0.005743305367527641,0.001634259254942701
2025-12-03,0.00990017543968919,0.0024089197601633184,,-0.006921295255065071,0.0035567462690885548
2025-12-04,-0.0011333617803295803,-0.0010595073793104983,,-0.005114002752370994,-1.3192699083441884e-05
2025-12-05,0.00030434478172434575,-0.005395711065950845,,-0.0048470516356760585,0.003857884437867017
2025-12-08,-0.007528286798739326,-0.005844929672920281,,0.00307515788361751,0.006011513509370662
2025-12-09,-0.0027830036294504605,-0.0014248860945213458,,0.002527145451763576,0.003493659062432408
2025-12-10,0.009886607366435774,0.00040094693123864447,,-0.008384565181642729,0.0034179801370501405
2025-12-11,0.007314998487071363,0.008091849422030855,,0.008158251949435246,-0.0021706875765555526
2025-12-12,-0.0009779826596556993,0.010484211866146457,,0.020924007950520705,-0.0033079726365512745
2025-12-15,0.002897265570626356,0.008809644043111891,,-0.0009441764854985456,0.002846226854089606
2025-12-16,-0.006634986054658398,-0.007260435290439885,,-0.005065042420466834,-0.00592386178503083
2025-12-17,-0.0036224840843651243,0.01402051180084497,,0.02020520634085774,-0.012379563974702948
2025-12-18,0.0009362043082759586,-0.010951901340339864,,-0.014206958076758803,0.0029388740737610964
2025-12-19,0.004671796703112736,-0.010931236426374802,,-0.010134700607345403,0.003406370152704256
2025-12-22,0.007025149255530643,0.0005512767306177857,,-0.0029237679706591623,-0.0029779758858643444
2025-12-23,0.0009781283295851255,-0.0014150255211731668,,0.0001288551509645722,0.0020785898122094564
2025-12-24,0.004475666756075148,-0.0015133622072012742,,0.00032152249276236073,-0.002318818958543919
2025-12-26,9.12016234801552e-05,2.6417952201233485e-05,,-0.0033363292155117836,0.0014208270498460406
2025-12-29,-0.0022119922622117765,0.00565923546437855,,0.005692675731896598,0.0023644290177075255
2025-12-30,-0.001458308260279289,0.0007242727887737646,,-0.0004961486310149589,-0.002077854052848834
2025-12-31,-0.007082226916511748,-0.0014808500145543696,,0.0016829683069736982,0.0007594055877778354
2026-01-02,0.003210804061952757,0.0019577607503169503,,-0.007582424328154751,-0.008827268320270743
2026-01-05,0.009405860913610918,0.002555025687033462,,-0.005480382879714626,0.001331813434082377
2026-01-06,0.009360975009415828,0.004968182180448288,,-0.015443089779943632,0.0061739373527118085
2026-01-07,-0.007835516160671262,-0.006433848994659675,,-0.008172184496041637,0.00905316458056408
2026-01-08,0.007538551213375707,0.014758823571272424,,0.01267902544582297,0.0006557865546974722
2026-01-09,0.004069604991472565,-0.006000400984209923,,-0.0037691168806269068,-0.0037267100630433633
2026-01-12,-0.00010315115007980546,-0.003034428645457965,,0.0011832932215976699,0.0031924016485799563
2026-01-13,-0.0028173862226847004,0.005998603460559245,,0.002405829470884912,-0.00036627245613640724
2026-01-14,0.0017365189763577438,0.014152561030536722,,0.007776916740945827,-0.001442793946301694
2026-01-15,0.0016739473364596536,0.0002311611571453355,,0.0005108868190768982,0.009580788692851894
2026-01-16,-0.0005013855268283999,-0.002114643562984882,,0.0025453008899592048,-0.0014457964802503127
2026-01-20,-0.016103033805237088,0.004303211356134526,,0.014959332891299462,-0.0063565478937123235
2026-01-21,0.011627179374603528,0.0018200287002123616,,-0.011373157865777608,-0.0014138242517523492
2026-01-22,0.003121728605367412,-0.0038349189003948642,,-0.005059287086866934,0.014133496127892334
2026-01-23,-0.000605514069770118,-0.0026905534241593327,,-0.002085778729029756,-0.002773472339655917
2026-01-26,0.003257936259258911,-0.0007324707244136587,,0.004229795897190388,-0.004979348063082456
2026-01-27,-0.002735017041007444,-0.0013082922012816354,,0.013575598681683305,0.009371175484013368
2026-01-28,-0.0024750096783711607,-0.004728147853635175,,-0.004889045576711792,0.0009596981556163988
2026-01-29,0.0031372693074461938,0.004952339297911516,,0.009947376100712427,0.007893490761356533
2026-01-30,0.0019837102954823574,0.012516874817344724,,0.007781506796265292,-0.004274362399276088
2026-02-02,0.004489764228044854,-0.005632905151575222,,0.0035655399953131053,0.0073767908164270955
2026-02-03,-0.002829772732230969,0.022380656634985445,,0.03492587357504022,-0.02367378963332599
2026-02-04,0.004179801637734083,0.026682389246384032,,0.018448943996994566,0.006823449884538717
2026-02-05,-0.007601780340235462,0.015355801611058002,,0.022211894133477426,0.009386576938346857
2026-02-06,0.01675332058458581,-0.011190362243733416,,-0.022314054938452798,0.007393474071582135
2026-02-09,-0.0010824477474054822,-0.015151504636988406,,-0.009496106358965624,-0.004741235912941625
2026-02-10,-0.002147682539565168,0.004486601710573453,,0.013428462113675092,0.003085342504382049
2026-02-11,0.0003690193784243847,0.004760731737254853,,0.007612601018869547,0.016693702369004575
2026-02-12,-0.008817072676981225,0.019654037146412232,,0.01651161544238667,0.002498771280700315
2026-02-13,0.0068268290897309175,0.007103737176801402,,-0.01102417584382539,-0.005205271599537538
2026-02-17,-0.002013534516743141,-5.2458165635579056e-05,,0.00494506041978204,0.0015163538129001584
2026-02-18,0.005269217739703238,-0.003979763497027895,,-0.006820857612958641,-0.007019437486918412
2026-02-19,-0.0018551676801909602,0.0022971785170332677,,-0.003128744733126883,-0.005397595783508128
2026-02-20,0.0036133271419349815,0.0015786103137450697,,0.008374215595449283,0.005456341870203174
2026-02-23,-0.01087945653048649,0.015738873929189434,,0.02696105980283755,0.0019268838056054772
2026-02-24,0.00478075794920791,-0.0037713252826315955,,-0.005646666320563909,0.004361949684912466
